Workbook

Sheet 使用说明
A1: Tesseract 接入 DocParsingBench 对比方案
A3: 目的
A4: 把 Tesseract 作为 OCR baseline 接入同一评测框架，与 SoMark 在相同样本、相同输出协议、相同评分口径下进行对比。
A6: 这份表解决什么问题
A7: 1. 区分 OCR baseline 与文档解析系统，避免比较口径混乱。
A8: 2. 明确每个场景该比什么：文本、结构、任务结果、时延。
A9: 3. 为老板汇报、PRD 修订和 demo 脚本提供统一证据表。
A10: 4. 先做最小可用 benchmark，再决定是否扩大样本。
A12: 推荐执行顺序
A13: Step 1：在“样本清单”里录入 8-12 份材料，优先覆盖简历、合同、手写单据+银行对账单、论文。
A14: Step 2：分别跑 Tesseract、SoMark，输出转成统一 markdown 或结构化记录。
A15: Step 3：在“单页记录”里逐页填写 OCR 可读性、结构完整度、任务结果可用性、耗时。
... A23: 端到端时延要单独记录，不能只引用评测脚本运行时长。

Sheet 对比框架
A1: 维度 | B1: Tesseract baseline | C1: SoMark / 文档解析系统 | D1: 记录方式 | E1: 老板可听懂的结论
A2: 定位 | B2: OCR baseline，偏文本识别 | C2: 文档解析系统，偏结构化结果与任务结果 | D2: 定性 | E2: 不是同层工具，比较要看“最终可用结果”
A3: 印刷体文本 | B3: 可作为基础参照 | C3: 至少不弱，且可叠加结构输出 | D3: 可读性评分 + CER/WER(如有) | E3: 不是只看能不能读出来
A4: 手写识别 | B4: 通常较弱 | C4: 若支持手写场景则是显著优势 | D4: 任务成功/失败 + 字段提取命中 | E4: 手写单据是差异点
A5: 复杂版面/表格 | B5: 版面理解和结构恢复弱 | C5: 可做结构还原、表格抽取、跨页拼接 | D5: 结构完整度 + 表格指标 | E5: 复杂文档不是抽字就结束
A6: 任务结果 | B6: 通常不能直接产出建议/分析/问题 | C6: 可产出场景化结果物 | D6: 结果可用性评分 | E6: 评委最终看的是“结果能不能用”
A7: 时延 | B7: 可单独测 OCR 耗时 | C7: 需测端到端处理耗时 | D7: 秒/页、首结果时延 | E7: 速度比较必须用同一机器同一批样本

Sheet 样本清单
A1: sample_id | B1: 场景 | C1: 文档名 | D1: 页数 | E1: 语言 | F1: 版式复杂度 | G1: 是否扫描件 | H1: 是否手写 | I1: 是否表格密集 | J1: 是否含公式 | K1: gold 结果来源 | L1: 负责人 | M1: 备注
A2: CV-01 | B2: 简历 | C2: 候选人简历 A | D2: 2 | E2: 中文 | F2: 中 | G2: 是 | H2: 否 | I2: 否 | J2: 否 | K2: 人工标注/GT | M2: 输出信息卡片、综合评价、面试问题
A3: CV-02 | B3: 简历 | C3: 候选人简历 B | D3: 1 | E3: 中英混排 | F3: 中 | G3: 否 | H3: 否 | I3: 否 | J3: 否 | K3: 人工标注/GT | M3: 考察中英混排与项目段落
A4: CT-01 | B4: 合同 | C4: 服务合同 A | D4: 6 | E4: 中文 | F4: 高 | G4: 是 | H4: 否 | I4: 否 | J4: 否 | K4: 人工标注/GT | M4: 输出信息提取、风险点、建议
A5: CT-02 | B5: 合同 | C5: 采购合同 B | D5: 4 | E5: 中文 | F5: 高 | G5: 否 | H5: 否 | I5: 是 | J5: 否 | K5: 人工标注/GT | M5: 看金额、期限、违约条款
A6: BS-01 | B6: 对账单 | C6: 手写单据 A | D6: 1 | E6: 中文 | F6: 中 | G6: 是 | H6: 是 | I6: 是 | J6: 否 | K6: 人工标注/GT | M6: 重点看手写字段抽取
A7: BS-02 | B7: 对账单 | C7: 银行对账单 A | D7: 3 | E7: 中文 | F7: 高 | G7: 是 | H7: 否 | I7: 是 | J7: 否 | K7: 人工标注/GT | M7: 重点看结构化流水
A8: PA-01 | B8: 论文 | C8: 学术论文 A | D8: 8 | E8: 英文 | F8: 高 | G8: 否 | H8: 否 | I8: 是 | J8: 是 | K8: 人工标注/GT | M8: 输出问题、方法、结果、对我作用
A9: PA-02 | B9: 论文 | C9: 技术报告 B | D9: 5 | E9: 中文 | F9: 高 | G9: 是 | H9: 否 | I9: 是 | J9: 否 | K9: 人工标注/GT | M9: 看长 PDF 摘要与方法抽取

Sheet 指标口径
A1: 指标 | B1: 定义 | C1: 适用对象 | D1: 评分范围 | E1: 推荐权重 | F1: 填写说明
A2: OCR 可读性 | B2: 输出文本是否可基本读通，错字漏字是否影响理解 | C2: Tesseract / SoMark | D2: 1-5 | E2: 15% | F2: 1=严重不可读；5=可直接阅读
A3: 结构完整度 | B3: 标题、段落、表格、字段、版面结构是否被正确保留 | C3: 主要看 SoMark，也记录 Tesseract | D3: 1-5 | E3: 25% | F3: Tesseract 通常作为低基线
A4: 任务结果可用性 | B4: 能否直接支撑场景任务，例如筛人/签约/对账/研究判断 | C4: Tesseract / SoMark | D4: 1-5 | E4: 35% | F4: 这是最重要指标
A5: 字段命中率 | B5: 场景关键字段识别是否齐全且正确 | C5: Tesseract / SoMark | D5: 0-100% | E5: 15% | F5: 可按关键字段 checklist 统计
A6: 端到端耗时(秒) | B6: 从输入到得到可用结果的总耗时 | C6: Tesseract / SoMark | D6: 数值 | E6: 10% | F6: 同机同样本同条件记录
A7: DocParsingBench 总分 | B7: 结构化 markdown 质量分，不等于 OCR 准确率 | C7: SoMark / 可接入的解析系统 | D7: 0-100 | E7: 参考 | F7: 适合做解析质量对比，不单独代表速度

Sheet 单页记录
A1: record_id | B1: sample_id | C1: 场景 | D1: 页码/子任务 | E1: 方案 | F1: 输出协议 | G1: OCR可读性(1-5) | H1: 结构完整度(1-5) | I1: 任务结果可用性(1-5) | J1: 字段命中率(%) | K1: 端到端耗时(秒) | L1: DPB总分 | M1: Text子分 | N1: Formula子分 | O1: Table子分 | P1: 关键发现 | Q1: 是否可对外展示
A2: R-001
A3: R-002
A4: R-003
A5: R-004
A6: R-005
A7: R-006
A8: R-007
A9: R-008
A10: R-009
A11: R-010
A12: R-011
A13: R-012
... A41: R-040

Sheet 结果汇总
A1: 场景 | B1: 方案 | C1: 样本数 | D1: 平均OCR可读性 | E1: 平均结构完整度 | F1: 平均任务结果可用性 | G1: 平均字段命中率(%) | H1: 平均端到端耗时(秒) | I1: 平均DPB总分 | J1: 综合分(100) | K1: 结论
A2: 简历 | B2: Tesseract | C2: =COUNTIFS(单页记录!$C:$C,A2,单页记录!$E:$E,B2) | D2: =IFERROR(AVERAGEIFS(单页记录!$G:$G,单页记录!$C:$C,A2,单页记录!$E:$E,B2),"") | E2: =IFERROR(AVERAGEIFS(单页记录!$H:$H,单页记录!$C:$C,A2,单页记录!$E:$E,B2),"") | F2: =IFERROR(AVERAGEIFS(单页记录!$I:$I,单页记录!$C:$C,A2,单页记录!$E:$E,B2),"") | G2: =IFERROR(AVERAGEIFS(单页记录!$J:$J,单页记录!$C:$C,A2,单页记录!$E:$E,B2),"") | H2: =IFERROR(AVERAGEIFS(单页记录!$K:$K,单页记录!$C:$C,A2,单页记录!$E:$E,B2),"") | I2: =IFERROR(AVERAGEIFS(单页记录!$L:$L,单页记录!$C:$C,A2,单页记录!$E:$E,B2),"") | J2: =IF(COUNTA(D2:I2)=0,"",ROUND((D2/5*15)+(E2/5*25)+(F2/5*35)+(G2/100*15)+((1/MIN(H2,999))*10),2)) | K2: =IF(J2="","",IF(B2="Tesseract","baseline 参照","任务级结果候选"))
A3: 简历 | B3: SoMark | C3: =COUNTIFS(单页记录!$C:$C,A3,单页记录!$E:$E,B3) | D3: =IFERROR(AVERAGEIFS(单页记录!$G:$G,单页记录!$C:$C,A3,单页记录!$E:$E,B3),"") | E3: =IFERROR(AVERAGEIFS(单页记录!$H:$H,单页记录!$C:$C,A3,单页记录!$E:$E,B3),"") | F3: =IFERROR(AVERAGEIFS(单页记录!$I:$I,单页记录!$C:$C,A3,单页记录!$E:$E,B3),"") | G3: =IFERROR(AVERAGEIFS(单页记录!$J:$J,单页记录!$C:$C,A3,单页记录!$E:$E,B3),"") | H3: =IFERROR(AVERAGEIFS(单页记录!$K:$K,单页记录!$C:$C,A3,单页记录!$E:$E,B3),"") | I3: =IFERROR(AVERAGEIFS(单页记录!$L:$L,单页记录!$C:$C,A3,单页记录!$E:$E,B3),"") | J3: =IF(COUNTA(D3:I3)=0,"",ROUND((D3/5*15)+(E3/5*25)+(F3/5*35)+(G3/100*15)+((1/MIN(H3,999))*10),2)) | K3: =IF(J3="","",IF(B3="Tesseract","baseline 参照","任务级结果候选"))
A4: 合同 | B4: Tesseract | C4: =COUNTIFS(单页记录!$C:$C,A4,单页记录!$E:$E,B4) | D4: =IFERROR(AVERAGEIFS(单页记录!$G:$G,单页记录!$C:$C,A4,单页记录!$E:$E,B4),"") | E4: =IFERROR(AVERAGEIFS(单页记录!$H:$H,单页记录!$C:$C,A4,单页记录!$E:$E,B4),"") | F4: =IFERROR(AVERAGEIFS(单页记录!$I:$I,单页记录!$C:$C,A4,单页记录!$E:$E,B4),"") | G4: =IFERROR(AVERAGEIFS(单页记录!$J:$J,单页记录!$C:$C,A4,单页记录!$E:$E,B4),"") | H4: =IFERROR(AVERAGEIFS(单页记录!$K:$K,单页记录!$C:$C,A4,单页记录!$E:$E,B4),"") | I4: =IFERROR(AVERAGEIFS(单页记录!$L:$L,单页记录!$C:$C,A4,单页记录!$E:$E,B4),"") | J4: =IF(COUNTA(D4:I4)=0,"",ROUND((D4/5*15)+(E4/5*25)+(F4/5*35)+(G4/100*15)+((1/MIN(H4,999))*10),2)) | K4: =IF(J4="","",IF(B4="Tesseract","baseline 参照","任务级结果候选"))
A5: 合同 | B5: SoMark | C5: =COUNTIFS(单页记录!$C:$C,A5,单页记录!$E:$E,B5) | D5: =IFERROR(AVERAGEIFS(单页记录!$G:$G,单页记录!$C:$C,A5,单页记录!$E:$E,B5),"") | E5: =IFERROR(AVERAGEIFS(单页记录!$H:$H,单页记录!$C:$C,A5,单页记录!$E:$E,B5),"") | F5: =IFERROR(AVERAGEIFS(单页记录!$I:$I,单页记录!$C:$C,A5,单页记录!$E:$E,B5),"") | G5: =IFERROR(AVERAGEIFS(单页记录!$J:$J,单页记录!$C:$C,A5,单页记录!$E:$E,B5),"") | H5: =IFERROR(AVERAGEIFS(单页记录!$K:$K,单页记录!$C:$C,A5,单页记录!$E:$E,B5),"") | I5: =IFERROR(AVERAGEIFS(单页记录!$L:$L,单页记录!$C:$C,A5,单页记录!$E:$E,B5),"") | J5: =IF(COUNTA(D5:I5)=0,"",ROUND((D5/5*15)+(E5/5*25)+(F5/5*35)+(G5/100*15)+((1/MIN(H5,999))*10),2)) | K5: =IF(J5="","",IF(B5="Tesseract","baseline 参照","任务级结果候选"))
A6: 对账单 | B6: Tesseract | C6: =COUNTIFS(单页记录!$C:$C,A6,单页记录!$E:$E,B6) | D6: =IFERROR(AVERAGEIFS(单页记录!$G:$G,单页记录!$C:$C,A6,单页记录!$E:$E,B6),"") | E6: =IFERROR(AVERAGEIFS(单页记录!$H:$H,单页记录!$C:$C,A6,单页记录!$E:$E,B6),"") | F6: =IFERROR(AVERAGEIFS(单页记录!$I:$I,单页记录!$C:$C,A6,单页记录!$E:$E,B6),"") | G6: =IFERROR(AVERAGEIFS(单页记录!$J:$J,单页记录!$C:$C,A6,单页记录!$E:$E,B6),"") | H6: =IFERROR(AVERAGEIFS(单页记录!$K:$K,单页记录!$C:$C,A6,单页记录!$E:$E,B6),"") | I6: =IFERROR(AVERAGEIFS(单页记录!$L:$L,单页记录!$C:$C,A6,单页记录!$E:$E,B6),"") | J6: =IF(COUNTA(D6:I6)=0,"",ROUND((D6/5*15)+(E6/5*25)+(F6/5*35)+(G6/100*15)+((1/MIN(H6,999))*10),2)) | K6: =IF(J6="","",IF(B6="Tesseract","baseline 参照","任务级结果候选"))
A7: 对账单 | B7: SoMark | C7: =COUNTIFS(单页记录!$C:$C,A7,单页记录!$E:$E,B7) | D7: =IFERROR(AVERAGEIFS(单页记录!$G:$G,单页记录!$C:$C,A7,单页记录!$E:$E,B7),"") | E7: =IFERROR(AVERAGEIFS(单页记录!$H:$H,单页记录!$C:$C,A7,单页记录!$E:$E,B7),"") | F7: =IFERROR(AVERAGEIFS(单页记录!$I:$I,单页记录!$C:$C,A7,单页记录!$E:$E,B7),"") | G7: =IFERROR(AVERAGEIFS(单页记录!$J:$J,单页记录!$C:$C,A7,单页记录!$E:$E,B7),"") | H7: =IFERROR(AVERAGEIFS(单页记录!$K:$K,单页记录!$C:$C,A7,单页记录!$E:$E,B7),"") | I7: =IFERROR(AVERAGEIFS(单页记录!$L:$L,单页记录!$C:$C,A7,单页记录!$E:$E,B7),"") | J7: =IF(COUNTA(D7:I7)=0,"",ROUND((D7/5*15)+(E7/5*25)+(F7/5*35)+(G7/100*15)+((1/MIN(H7,999))*10),2)) | K7: =IF(J7="","",IF(B7="Tesseract","baseline 参照","任务级结果候选"))
A8: 论文 | B8: Tesseract | C8: =COUNTIFS(单页记录!$C:$C,A8,单页记录!$E:$E,B8) | D8: =IFERROR(AVERAGEIFS(单页记录!$G:$G,单页记录!$C:$C,A8,单页记录!$E:$E,B8),"") | E8: =IFERROR(AVERAGEIFS(单页记录!$H:$H,单页记录!$C:$C,A8,单页记录!$E:$E,B8),"") | F8: =IFERROR(AVERAGEIFS(单页记录!$I:$I,单页记录!$C:$C,A8,单页记录!$E:$E,B8),"") | G8: =IFERROR(AVERAGEIFS(单页记录!$J:$J,单页记录!$C:$C,A8,单页记录!$E:$E,B8),"") | H8: =IFERROR(AVERAGEIFS(单页记录!$K:$K,单页记录!$C:$C,A8,单页记录!$E:$E,B8),"") | I8: =IFERROR(AVERAGEIFS(单页记录!$L:$L,单页记录!$C:$C,A8,单页记录!$E:$E,B8),"") | J8: =IF(COUNTA(D8:I8)=0,"",ROUND((D8/5*15)+(E8/5*25)+(F8/5*35)+(G8/100*15)+((1/MIN(H8,999))*10),2)) | K8: =IF(J8="","",IF(B8="Tesseract","baseline 参照","任务级结果候选"))
A9: 论文 | B9: SoMark | C9: =COUNTIFS(单页记录!$C:$C,A9,单页记录!$E:$E,B9) | D9: =IFERROR(AVERAGEIFS(单页记录!$G:$G,单页记录!$C:$C,A9,单页记录!$E:$E,B9),"") | E9: =IFERROR(AVERAGEIFS(单页记录!$H:$H,单页记录!$C:$C,A9,单页记录!$E:$E,B9),"") | F9: =IFERROR(AVERAGEIFS(单页记录!$I:$I,单页记录!$C:$C,A9,单页记录!$E:$E,B9),"") | G9: =IFERROR(AVERAGEIFS(单页记录!$J:$J,单页记录!$C:$C,A9,单页记录!$E:$E,B9),"") | H9: =IFERROR(AVERAGEIFS(单页记录!$K:$K,单页记录!$C:$C,A9,单页记录!$E:$E,B9),"") | I9: =IFERROR(AVERAGEIFS(单页记录!$L:$L,单页记录!$C:$C,A9,单页记录!$E:$E,B9),"") | J9: =IF(COUNTA(D9:I9)=0,"",ROUND((D9/5*15)+(E9/5*25)+(F9/5*35)+(G9/100*15)+((1/MIN(H9,999))*10),2)) | K9: =IF(J9="","",IF(B9="Tesseract","baseline 参照","任务级结果候选"))
A12: 综合分解释 | B12: 综合分偏向“可用结果”，不是单纯 OCR 指标。
A13: 推荐汇报方式 | B13: 同一场景先讲 Tesseract 是 baseline，再讲 SoMark 输出的结构化结果和任务结果。
A14: 注意 | B14: 如果要对外讲“更快”，必须补同机同样本的端到端耗时实测。

Sheet 汇报口径
A1: 可直接复用的老板/评委沟通口径
A3: 一句话定位
A4: Tesseract 代表传统 OCR baseline，SoMark 代表面向真实文档任务的结构化解析与结果生成。
A6: 为什么不能只比 OCR 准确率
A7: 因为简历、合同、对账单、论文都不是“抽字完成”型任务，最终要看能否形成筛选、判断、核对、总结等可用结果。
A9: 为什么要接入 DocParsingBench
A10: DocParsingBench 衡量的是结构化文档解析质量，适合比较复杂版式、表格、公式和真实业务文档的结果可用性。
A12: 对外最稳的说法
A13: 我们把 Tesseract 作为 OCR baseline 放进同一评测流程，用同一批样本、同一输出协议和同一打分口径，对比传统 OCR 和任务级文档解析系统的差异。
A15: 不要说的话
A16: 在没有同机同样本实测前，不要直接说 SoMark 比 Tesseract 快多少倍或准确率高多少个百分点。
